{
    "metric": 1.008907391171801e11,
    "plot_type": "plot",
    "params": {
        "CgDielectricThichness": 11.0,
        "CgAreaUNLoaded": 166.0,
        "LloadingCell": 1.5,
        "alphaSNAIL": 0.25,
        "criticalCurrentDensity": 1.5,
        "CgDensity": 7.72712727272727e-15,
        "loadingpitch": 3.0,
        "nMacrocells": 40.0,
        "CgloadingCell": 1.0,
        "N": 120.0,
        "smallJunctionArea": 0.2
    },
    "timestamp": "2026-02-06T14:23:38.408",
    "png": "plot_2026-02-06_14-23-35-781.png"
}
