{
    "metric": 1.2314950186368442e11,
    "plot_type": "plot",
    "params": {
        "CgDielectricThichness": 10.0,
        "CgAreaUNLoaded": 167.3913043478261,
        "LloadingCell": 1.5,
        "alphaSNAIL": 0.23,
        "criticalCurrentDensity": 1.0,
        "CgDensity": 8.499839999999999e-15,
        "loadingpitch": 3.0,
        "nMacrocells": 40.0,
        "CgloadingCell": 1.0,
        "N": 120.0,
        "smallJunctionArea": 0.2
    },
    "timestamp": "2026-02-06T14:23:35.255",
    "png": "plot_2026-02-06_14-23-32-668.png"
}
